,Title,Cluster
0,nexgard spectra authentic  ,8
1, bundle promo  virbac cet enzymatic toothpaste dogs cats,5
2, bundle promo    nutri plus gel nutritional supplement for dogs   cats,5
3,trial bundle,2
4,classic plug in diffuser   refill ml,2
5,   sg ready  pets wet wipes  disinfection  wet tissue   grooming   dogs cats,5
6, bundle promo  petag bene bac plus fos   probiotics gel supplement,2
7,heartgard plus chews  vet approved   all sizes available ,8
8,lactose free cat   dog milk  ,7
9,  off  absolute plus colloidal silver spray,9
10,jr pet product  pure meat sticks,0
11,pre seed fertility friendly lubricant  lube women trying to conceive,2
12,natural dog company organic healing dog   pet balm   paw soother  sizes ,1
13,heartgard plus dogs chews  sizes available ,8
14,revolution for dogs  tubes ,3
15,cat recovery suit velcro skin diseases e collar alternative cats dogs after surgery,3
16, sg  pet cat surgery suit cloth recovery sterilization skin issue prevent licking,7
17,classic refill ml,2
18, authentic  ready to use disinfectant,2
19,nexgard spectra small expiry  chewable tablets ,8
20,classic spray ml,9
21, sg seller  pet dog cat anti flea advocate revolution frontline anti ear mites vet kitten puppy rabbit,7
22,offer   lizant detergent   lizard killer   most decision,2
23,oriental natural peony anti bacteria dry clean spray pets,9
24,perkytails wild alaskan salmon oil for dogs   cats   all natural omega fish oil   skin coat supplement  ,5
25, sg stock  pet medicine feeder pill popper cat dog feeding,7
26,probiotix improved  digestion  dog supplement  cat supplement  pet supplement  probiotic prebiotic,0
27,natural pet silvergiene      pure nano silver   anti bacterial  antifungal,4
28, for furry friends  flea   tick repellent spray  for dogs only ,9
29, in stock  oxbow natural science supplement small animals,4
30,keto friendly crispy pork rinds,2
31,sherwood pet health herbal supplement  digestive urinary joint prevention tripleberry vitamin c ,0
32, petsty natural cat grass can,4
33,anti fungus dedicated bacteria ringworm sporo bisul bisul itching crackle best dog cats,2
34,trustie small animal anti flea bath sand  ocean ,2
35,oticon ear problem drops,2
36,ilium ear drops dogs   amp  cats    ,3
37,revolution heartworm  flea   tick treatment dogs   cats,5
38,nexgard spectra chewable tablet for puppies   adult dogs  types    anti parasite flea ticks dewormer,8
39,natural dog company skin soother organic healing balm  sizes ,1
40, bundle deal  zeal lactose free pet milk dogs   cats,5
41,nexgard spectra   chews    shipping singapore  expiry,8
42,  himalaya   canisep cream cats dogs infective dermatomycosis care digyton immunol nefrotec himpyrin furglow,3
43,beef tail chews dogs   single ingredient no preservatives ,8
44, ready stock  epiotic sis ear cleaner for dogs   cats,5
45,nutri plus gel,2
46,rose hip vital canine premium pet supplement rosehip vital dog powder,0
47,nexgard spectra   chews    shipping singapore    expiry ,8
48,silver gel   ,2
49,tonic  bitter lemon  soda  gingerale  pack   cans x  the secret scwheppervescence ,2
50,pet milk bundle of bottle,0
51,drontal cat tablet   expiry shipping from singapore  long expiry  orginal,2
52, korea no    arrr dental chew dogs cats    hip   joint   vegetable  yummy   nutritious treats cats dogs,3
53,nexgard spectra   chews   expiry,8
54, bundle  ilium ear drops,2
55,dermoscent essential spot skin care exp,2
56,revolution for puppies kittens  fda approved ,2
57,  detick    cat   dog flea drug,7
58,pet comb removal lice flea brush pet hair combs puppy kitten cleaning tools,0
59,revolution plus cats,3
60,mobility chew   glucosamine hci  chondroitin  msm  vitamins pet dog food supplement   hip and joint  chew ,0
61, bundle  epi otic ear,2
62,frontline  plus for dogs   cats pipettes,5
63,nika fish medicine patch a tail fin rot fungus away addclear transmore general aid anti chlorine white spot fluke lice,2
64,nexgard spectra chews pack   flea   tick heartworm roundworm parasite control for dogs,8
65,kteam betta fish tonic booster k tonic,2
66,melafix   ,2
67,peanut butter suitable dogs  reserved customers purchase lickimats ,3
68,petfinest allergy chew relief immune pet dog vitamin supplement   skin itch treatment  soft chew treats ,0
69,probiotix plus  digestion  dog supplement  cat supplement  pet supplement  probiotic prebiotic,0
70, flea collar cats flea tick prevention cats months age older pack,2
71,deshedding deshedder comb,2
72,   superfood growth booster multivitamin cat  dog  rabbit  hamster supplement,7
73,eye vita   reduce tear stain   standard vit a,6
74,kmr kitten milk replacer powder,2
75,for furry friends pet   activated water sanitizer  p a w s ,0
76,   melafix all natural fish treatment,2
77,hill s science diet   cat food  no pork ,4
78,liquid gold   instant ketapang  iktp  extract natural vitamins,2
79,skin   gut probiotics dogs   cats  x sachets ,5
80,spectrum for all size dogs  chews  for heartworm worm prevention,8
81,eye vita   reduce tear stain   vet   vit a,6
82,pet first aid medical self adhesive elastic bandage colourful  x  buy    ,0
83,nexgard spectra large exp,8
84,melafix antibacterial fish medication,2
85,chews dogs  tablets ,8
86, bundle  vetoquinol viralys gel l lysine supplement cats ,2
87,nuskin ageloc yspan    no box  sg stock  free nuskin mask  lastest expiry stocks,2
88,pet ear cleanser,0
89,red adjustable pet cat anti flea mite tick collar remedy cat collar pet supplies,7
90,fish dogs salmon morsels   joint health,6
91,    local seller  ready stock  ship out within hours 天然除螨包 bedbug patch  remove mites  herb remove mites,2
92,petkit all season pet bed  dual sided design  cold  warm  memory foam  comfortable  breathable  soft  cat  dog ,7
93,colloidal silver   ,9
94,nexgard spectra   chews   expiry,8
95,kala health vitalmix  sizes  new packaging,6
96,atasco  whole goat milk powder pets   ,2
97,frontline plus dogs    doses pack ,2
98,natural science vitamin c   ,4
99,dog cat pet spray  plant base  sanitises  heals wounds  anti bacterial  fungi   viruses  treats hot spots,7
100,bene bac plus carded probiotic pet gel,0
101,fish dogs mackerel morsels w krill   skin   coat,2
102,atasco  whole goat milk powder pets cat puppy dog expiry may,7
103,kala health arthrix,6
104,probiotics powder pets,2
105,iti skin   coat   lamb jerky w deer powder,2
106,eiho prazi gold   ,2
107,pets truly colloidal silver electrolyzed water,9
108,fera pet organics supplement dogs   cats,5
109, bundle promo  virbac nutri plus gel,2
110, local seller  pcs x guo elephant coral frag  plant instant glue,2
111,   dog healing balm,1
112, sg seller  naturvet pet organics temporary calming spray diffuser no scratch no stay feline solution,9
113,  dr schwabe   cineraria maritima eye drop cataracts dog,6
114,oxbow natural science skin   coat supplement for small animals,4
115,now foods now pets l lysine cats oz  g ,3
116,oxbow natural science digestive support small animal supplement,4
117,pets truly colloidal silver electrolyzed water spray,9
118,pet   dog probiotic,0
119, petsty pet medicine feeder,0
120,aquadene turtle pellet   for all turtles  newts  water reptile   colour enhancing formula   does,2
121,pro fibre rabbits   ,2
122,fish for dogs,2
123,flea tick home spray cat      plant based formula  kills fleas,9
124, card   sg  cat dog metal nit head hair lice comb fine toothed flea flee handle,7
125,rose hip vital canine supplemental powder,2
126,taffy barkery   freeze dried cod cats dogs,3
127,petkit all season pet bed  dual sided design  cold  warm  memory foam  comfortable  breathable  soft  cat  dog ,7
128, sg  fish tank cleaner safe cat dog pets chlorine oxide effervescent tablet disinfectant tablets,7
129,  vetacat multi vitamin   multivitamin for repack cats,4
130,ready to use avian insect liquidator parrot bird,2
131,tropica specialised nutrition,2
132,frontline plus dogs  doses pack ,2
133,zymox otic enzymatic solution pet ear care treatment hydrocortisone,2
134,natural science digestive support   ,4
135,just cats no more spraying,3
136,tropiclean assorted water additive fresh breath drops dogs cats puppies,5
137,probiotics prebiotics dogs   cats,5
138,natural science supplement,4
139,  new hoki fish oil dogs cats,5
140,plus arowana vitamins   ,2
141,aee cat  probiotics prebiotic cats     g sachet   min billions cfu gram,7
142,cat dog mites odor removal ear drops infection solution treatment cleaner,7
143,dog swim vest float xs xl,7
144,process sea ketapang leaf  gr   ready to use premium quality,2
145,petoneer pet smart odor eliminator    ozone deodoriser  sterilisation   rechargeable  cat  dog ,7
146, beauty  great barrier relief   great body relief,2
147,feliway friends plug in diffuser   refill ml,2
148,  advocate anti flea   bayer  seresto flea tick pet collar anti flea pets cat dogs,7
149,flea tick home spray dog      plant based formula  kills fleas,9
150,betta fish medicine fin bacteria fungi gill vitamin ich white spot yellow powder swim bladder fighting thai suma,2
151,oxbow supplements vitamin c   digestive   skin   coat  exp ,4
152,fastest flea ticks parasiticide in market   simparica   for dogs,2
153,probiotics prebiotics,2
154,natural pet natural seaweed calcium plus probiotics pet supplement powder,0
155,original blue bay eye vita for pet oral supplement for dog    vet version   ready stock ,6
156,hot spot itch shampoo dog      natural formula  fast itch relief,2
157,dr  mercola complete probiotics cats   dogs   ,3
158,ilium oticlean skin   ear clensing solution,2
159,prazi gold  treatment internal   external parasites ,2
160,crosail insect proof adjustable pet cat dog collar protection neck ring flea ick mite lice protection,7
161,ilium ear drops for dogs ans cats,3
162,freeze dried dinner morsels cats,3
163,probiotic gel pets,2
164,birds vita fit multivitamin for parrot song birds,2
165,  turtle fix   ,2
166,for furry friends   pet s activated water sanitizer  p a w s  spray puppy cat dogs,9
167,petag bene bac plus fos   probiotics gel,2
168,probiotic gel k pets,2
169,northwest naturals raw diet dogs  assorted  flavours  ,2
170,vetra tricosamine chewable tablets  two sizes available ,8
171,frontline plus for dogs all sizes pipettes,2
172,betta evo rapid grooming solutions  natural colour enhancer ,2
173,tropiclean clean teeth gel  avail   flavors ,2
174,kteam ready use golden 王山老树ketapang indian almond cetapang leaves,2
175,protexin pro kolin pet   for dogs cats,5
176,feliway friends refill ml,2
177,japanese yellow powder   ,2
178,taffy barkery   freeze dried beef bites cats dogs,3
179,natural pet super multi supplement glucosamine powder tablets,4
180,dr  reckeweg   schwabe cineraria maritima eye drop,6
181, authentic  sc veterinary disinfectant   local stock  ,2
182, types  beaphar no stress diffuser calming spray,9
183,boxes   preseed sperm friendly lubricant multi use tube applicators  expiry nov,2
184,triumilynn cat head massager pet intelligent charging massager usb head massager cats dogs,3
185,body fat paint fattener   repack cat fatter gr gr   kitten fatter,7
186,kin kind hip   joint dog cat supplement  sizes ,1
187,pa pure colloidal nano silver pets spray fungus bacteria cat dog kuman kulat kurap luka spray kucing anjing 纳米银离子,9
188,vet   best flea   tick shampoo   spray   dental care kit   dental gel toothbrush   ear relief wash   shampoo,9
189,esbilac  puppy milk replacer powder,2
190, ophe stainless steel pet dog cat toothed flea removal cleaning brush grooming comb,7
191,flea tick collar dogs cats anti parasites mosquito cat dog collars,7
192,  packet lubricant sachet,2
193, authentic  ready use disinfectant   ,2
194,allergy itch relief shampoo dog      soothes relieves itchy,7
195,king pleci nutrition pleci bird vitamins,2
196,ultimate fleas  mites  lice   ticks spray,9
197,antbreaker borax based ant killer  eradicates the entire colony  pet safe ant breaker  ,0
198,vitamins,2
199, authentic    ready to use disinfectant spray,9
200,woofy nano silver pet spray nano silver nano technology anti microbial bacteria viral fungus kucing dog cat,9
201,adored beast gut soothe,2
202,wooly lactic acid bacteria standard   ,2
203,antifungal skin disease tablet   ubat curing fungus cat   dog   tablets,7
204, sg seller  pet ag troy zeal hoki oil cat supplement skin urinary tract vitamin minerals calories hairball solution dog,7
205,  dermal spray  anti itch  dogs   ,9
206,proden plaqueoff  powder dogs cat,7
207, flea collar cats flea tick prevention cats months age older pack,2
208,dog mix  grams,7
209,plug in diffuser   refill,2
210,candioli bolo via hairball removal paste for cats  tuna flavoured ,2
211,   pimafix anti fungal   fungus fish treatment,2
212,pet horizon   orrific,0
213,hot spot spray dog      natural formula  fast itch relief,9
214,natural pet papaya enzyme plus tablets,4
215,nexgard chews tabs,8
216,nutri lick cat candy s   furvit cat nutritious supplement,7
217,frontline plus cats  pack ,2
218,revolution for kittens puppies  doses ,2
219,atasco  whole goat milk powder pets,2
220, local  melao natural nose   paw balm  dry nose   paw protection butter balm for dog   cat skin  protects and moisturizes,7
221,tropica premium nutrition,2
222,  ready stock     repack   fenbendazole dewormer deworming pet animal cat dog cow sheep goat ubat cacing planaria,7
223, authentic  germicidal barrier ointment,2
224,bayer seresto month flea   tick prevention collar cats dog mosquitoes repellent collar insect mosquitoes,7
225,calming spot on cats  free  cashback ,2
226,augustine approved superboost original supplement dogs   cats,5
227,bettafix   ,2
228,oxbow natural science joint support small animal supplement,4
229,nhv supplement pets  types    dog  cat  small animals  bird supplements,7
230,adored beast   gut soothe   anti inflammatory   ,2
231,fera pet organics   fish oil for dogs cats  sizes ,5
232,art grooming aog general tonic disease prevention treatment betta,2
233,oxbow natural science multivitamin supplement,4
234,natural pet advance joint care synergistic formula  dog supplement  liquid tablet ,0
235,virbac nutri plus gel nutritional supplement for dogs   cats,5
236,twin pack rose hip vital canine x premium pet supplement rosehip vital dog powder,0
237,  silicone lubricant vial sachet travel pack,2
238,kin kind   healthy immunity  berryboost  dog cat uti support supplement,1
239,  wound care   disinfectant   antiseptics povidon iodine solution spray cat   dog,7
240,oxbow natural science assorted supplement digestive skin coat urinary support multi vitamin c joint papaya support,4
241,dom   cleo organics true colloidal silver spray,9
242,double box bundle     nexgard spectra large dogs  purple    chews    ,8
243,natural science papaya support   ,4
244,  virbac   epi otic ear dog cat pet   ear   skin cleanser,7
245,ubat coral cat   urine stone   urine lawas   capsules,7
246, bundle  supreme selective naturals forest sticks w  blackberry chamomile,2
247, buy free  whimzees value bag toothbrush hedgehog stix alligator   xxs xs s m l,2
248,seachem betta basics,2
249,mite lice spray insect pet,9
250,magna salt   ,2
251,topical spot on for cats   dogs doses  sizes ,3
252,   kala health dermatrix tropical dogs cats,5
253,natural pet advance joint complete formula liquid   tablets,4
254,troy nutripet high energy vitamin concentrate paste,4
255,probiotix improved pet supplements,0
256,daily probiotic cats  chews  pet supplement,0
257,   colloidal silver electrolyzed water   classic,9
258,feliway classic   friends diffuser refills for cats,2
259,pet pill popper   medicine feeder,0
260,nhv pet supplement   felimm immune support   great felv   fiv cats,0
261,pet naturals  calming cats pet healthcare  cat food  pet supplements,0
262,epsom salt   fights internal   external bacteria,2
263,beaphar keep off cats spray,9
264,pellet berries cockatiels,2
265,bayer advocate flea heartworm treatment dogs    ,2
266,dom   cleo organics true colloidal silver dropper,9
267,supreme selective naturals forest sticks  blackberry   chamomile   ,2
268,kteam betta fish live micrograms tonic booster k life,2
269,pet naturals  hairball cat  daily digestive  pet healthcare  cat food pet supplements,0
270,feliway diffuser vial cats  day starter kit   refill available ,2
271,nhv pet supplement   stimmune immune   allergy support,0
272,super n for bird hospital,2
273,pet dog cat anti flea collar tick quick kill pet necklace flea killer,7
274,tablet  tablets    ,2
275,frontline  spray,9
276,bolin s fish collagen supplement dog cat,7
277, promo  natural science supplement,4
278,oxbow natural science papaya support  ,4
279,supreme selective naturals woodland loops  dandelion   rosehip   ,2
280,  off  frontline plus for small dogs,2
281,supplement natural science vitamin c tabs,4
282,   zeal milk  dogs  cats  kittens  rabbits  hamsters small animals ,5
283,strikeback pest control fogger   ,2
284, di double sided nit comb dust remover fine tooth head lice hair combs pet flea,0
285,kala health dermatrix,6
286,organic raw virgin coconut oil supplement pets   cold pressed   holistic,2
287, shop malaysia  ouasue eye vita oral drops pet supplement to stop tears stains,6
288,virbac c e t enzymatic toothpaste  vanilla mint ,2
289,bird repeller solar ultrasonic animal dog repellent rat cat pigeon deterrent,7
290,critical care herbivore anise flavor   ,2
291,pet dog cat collar adjustable necklace flea and tick removing tool anti mosquito,7
292,immunize for rabbits cavies   ,2
293,pesso eco cat repellent    haunt cat spray repel cats н    cat repellent,9
294,cat anti flea mite tick collar no flea grooming tool kitten remedy neck strap pet collar,7
295,bird repellant spikes anti climb repellent strips cat repellant spike garden railings,7
296,ilium oticlean skin   ear cleansing solution nozzle,2
297,self adhesive bandage for pet,0
298, mifei pets  american zymox oratene bailetin three in one enzyme toothpaste pet oral cleaning dogs cats dedicated,5
299,pimafix   ,2
300,aurizon ear drop for dog   ml  expiry date  july ,2
301,cat supplements paste kitten old cat hairball multivitamin   ,7
302,tropiclean advanced whitening gel micro guard,2
303,akira aog betta vita booster aid propack vitamin ubat ikan laga betta blackwater flare velvetfix intimate tonic,2
304,natural science multi vitamin   ,4
305,adjustable pet cat dog collar protection neck ring flea tick mite louse remedy,7
306,bio lingzhi original  herbal drug tablet for face health,6
307,rosehip vital canine powder,2
308,pets truly colloidal silver electrolyzed water   type for pets dog cat puppy wound,9
309,for furry friends   pets dish foam refill   dog cat puppy clean,7
310,m blue   fungal prevention   treatment fish,2
311,a fix   aquafix concentrated anti chlorine,2
312,accurate flea   tick spray,9
313,pet dog cat anti flea collar tick quick kill pet necklace flea killer,7
314,  original vitamin superfood for fat cats,4
315,diarrhea solution skin care medicine pet cat dog puppy kitten sebofix skin irritation coat,7
316,pet dog cat puppy anti fleas lice ticks mosquitoes treatment drop liquid,7
317,azodyl vetoquinol renal  kidney  health supplement cats dogs,3
318,interceptor spectrum for dogs  chews  for heartworm worm prevention,8
319,seachem flourish tabs,2
320,  kracker multi vitamin   honey   grape hamster treat  pcs,4
321,oxbow critical care herbivore fine grind   ,2
322,oatmeal medicated shampoo dog      dandruff  scaling flaky  dry  itchy skin,7
323,  off  richard s organics incredible skin spray,9
324,pet naturals  daily probiotic cat  pet vitamin supplement  hairball for cats,0
325,pet supplement   matricalm anxiety   aggression support,0
326,lactose free pet milk cat   dog  ,7
327,pet safety insecticidal kill insect dog cat outdoor anti flea mite tick collar,7
328,rabbit hairball relief   ,2
329,petag bene bac plus,2
330,yee fish medicine koi gold fish  medicine treatment white fungus  gill   tail rot  white spot,2
331,   stress coat anti chlorine soothing aloe vera bottle,2
332,yellow powder   fights internal   external bacteria,2
333,camay cat flea lice spray   cat and investigated spray,9
334,turtle tortoise anti fungal diseases  turtle fungus cream  turtle white shell,2
335,flea   tick repellent spray,9
336,lactose free pet milk for dogs   cats,5
337,biovet cat vitamin biovet immune booster  original hq,4
338,turtle eye drops,6
339,kin kind   healthy skin   coat  vitaboost  dog cat multivitamin supplement,1
340,pro kolin advanced for dog   ml  support gastrointestinal health ,6
341,tropiclean clean teeth gel,2
342,vetoquinol enisyl f oral paste cats   ml,2
343,nekton bird supplement,2
344,dog toothbrush  soft    made japan   kenko care,7
345,  pet staircase,0
346,virbac epi otic  ear cleaner dogs cats,5
347,blue bay pet eye vita drops,6
348,tropiclean dual action ear cleaner,2
349,m   c ear cleaner,2
350,tropiclean alcohol free ear wash,2
351,black gold ketapang leaves catappa indian almond leaves,2
352,classic diffuser refill    original ,2
353,chewies chewable tablets medium dogs   doses,8
354,  laughing charlie   dog ointment replenishing moisture allergic foot skin disease korean pet supplies,0
355,pet dog cat natural essential oils flea tick prevention collar convenient use,7
356, bundle of  silver gel   ,2
357,nexgard chews tabs,8
358,kala health vitamix,6
359,calcium block for turtles,2
360,pets truly colloidal silver electrolyzed water pets  sizes ,9
361,arthrix plus,2
362,ilium ear drops   ,2
363,booster brightening eye oral health nutrition dog care,6
364,ueno japan anti bacterial aquarium yellow powder   ,2
365,petkit portable pet water bottle  models    bpa free  tritan material  bioclean act  easy dispense ,0
366,natural dog company skin soother  tin    skin healing balm   natural pet grooming essentials,1
367,nexgard spectra extra small expiry,8
368,frontline plus flea   tick treatment dogs      applicator ,2
369,ant killer liquid w tray   kill ant   tested   proven the pest control specialist   sg seller,2
370,groom anti fungus anti fungus lime sulfur dip for cats and dogs dip medicines or soak,3
371,trizultra   keto,2
372,yu oriental natural dry clean spray peony anti bacteria,9
373,natural dog company skin soother healing balm cuts  rashes  abrasions  burns surgical wounds,1
374,natural science skin   coat support   ,4
375,pet   hip   joint senior age chw  veterinarian formulated ,0
376,synbiotic d c daily capsule for dog   cat   capsules,7
377,natural science joint support   ,4
378,esbilac powder dogs   ,2
379,pet s activated water sanitizer  p a w s  spray  ,9
380,    arowana disease   ,2
381,calcuim powder  premium quality  shrimp lobster crayfish molt supplement good shell,2
382,colorful powder betta,2
383,dermatrix original,2
384,useful magic insect chalk pen blackbeetle mosquito lice flea killing,2
385, local seller  auto top off water filler aquarium mini ato system,2
386,pet ear cleaner  vetenerian cat ear washer  original     repack ,2
387,flea   tick collar for cat,7
388,   probiotic   prebiotic dog supplement,0
389,   bundle  sunrise natural schwabe cineraria maritama eye drops cataract dogs ,6
390,vigorpet vitamin   amino acid supplement for cats,4
391,of economy salt   hyqw,2
392,spray,9
393,repellent spray cats   dogs cats dogs that more flat,3
394,taffy barkery   freeze dried beef liver cats dogs,3
395,pimafix antifungal fish medication,2
396,oxbow natural science vitamin c  ,4
397,feliway classic diffuser starter kit   refills for cats,2
398, buy bundle promo  drops,2
399,natural pet   silvergiene solution,4
400,wellness   complete health dog canned,6
401,dextro ultra instinc new packaging of stone logo multivitamin pleci,2
402,kala health probiotix plus pet supplements  ,6
403,furvit   nutri lick cat candy s  cat nutritional supplement  johan his cats,7
404,jamu bird stomach larasati   laras ati stomach,2
405,sg petshop promo     aixia water supplement kenko can pouch,2
406,tropiclean mint foam,2
407,beaphar calming collar for cats upto weeks cover  free shipping cashback ,2
408,    ready stock     pets bactigen eye drop ml for     cats   dogs    ,3
409,active e      pineapple enzyme,2
410, pepe ready stock france virbac victor novifit suhuo sami s tablets,2
411,checkup test kit cat   dog  a quick  simple  reliable at home testing kit pets,7
412,fish dogs white fish morsels   digestion,2
413,dom   cleo true colloidal silver antimicrobial spray for dog cat,9
414,  kracker   vegetable   beetroot  honey   spelt  multi vitamin  wild berries rabbit treats,4
415,nexgard chewable tablets for dogs,8
416,premium ketapang extract   sea ketapang extract,2
417,thailand patar ascorbic acid vitamin c tablets tablets 泰国维他命c,4
418,the cheapest pet cat anti flea prevention collar cat lice medicine,7
419,of turtle medication   bacteria   fungus away   hyqw,2
420,stomach crystal   vitamin bird stomach gacor best lamb,4
421,merck safeguard  fenbendazole  canine dewormer  gm ,2
422, sg seller  starxle g pesticide   insecticide cacti succulent plants  dinotefuran   starkle g  ,2
423,zeal  natural hoki fish oil supplement dogs   cats   ,5
424,paw osteocare by joint health chews premium dog supplement,6
425,  off  labivet skin   gut health dog   cat supplements,7
426,therabreath  fresh breath toothpaste mild mint flavor,2
427,eiho anti fungus   finrot   ,2
428,ammonia detox remove harmful ammonia chlorine chloramines,2
429,daily probiotic dog  pet vitamins  dog supplement  chews,0
430,broadline spot on solution cats  contents tubes ,2
431,adored beast   healthy gut   digestive enzyme   ,2
432,fibreplex for rabbits,2
433,paraguard   ,2
434,  off  rescue remedy bach natural stress relief for pets,2
435,sgpetshop   ultimate colloidal silver,9
436,probiotic supplement dogs   cats,5
437,remedy recovery medicated hot spot spray dogs   ,9
438,bioline keep off spray cats,9
439,of anti chlorine special   hyqw,2
440,anima herbal toothpaste dog   cat,7
441,oxbow pure comfort  blend,4
442,natural pet pre   pro powder x sachets  flavors ,4
443,bioline flea   tick cat collar,7
444,fat cat vitamin and long denk feather,4
445,topical skin healer powder,2
446,kin kind nose   paw moisturizer for cats dogs   ,1
447,keep off spray cat repellent,9
448,exo terra reptile food supplement calcium multi vitamin powder,4
449,petswell fungal cure   colloidal silver water  natural fungal treatment for cat   dog ,7
450,luckybabys  adjustable flea and tick collar small medium large dogs month protection,2
451,pets dog cat anti flea drops insecticide flea lice insect killer liquid,7
452,betta tonic best for groming,2
453,m pets mint flavour toothpaste for cats   dogs,3
454,nexgard chewable tablets for dogs ticks prevention,8
455,tropiclean flea tick series  home spray ,9
456,arowana viewing light plus  uvb tanning   moon mode red fishes plants,2
457,bunny nature daisies   red clover flowers,2
458,adored beast gut soothe   pre   probiotics   anti inflammatory support   holistic healthcare dogs cats,5
459,petag petlac milk replacer,2
460,bark dog powder all breeds per bottle   hyqw,7
461,  flea collar cats flea tick prevention cats months age older pack,2
462,m pets poppy measuring scoop for cats   dogs,3
463,general cure antiparasitic fish medication  packet    ,2
464,joint health canine supplement,6
465,marie s mix ins dog meal toppers   pack bundle,2
466,advocate flea heartworm treatment,2
467,natural pet skin   coat supplement essential vitamins   minerals,4
468,isle of dogs everyday essentials   flex mini crunchy biscuit  glucosamine chondroitin ,3
469,green empire goat milk for kitten   cat puppies  ,7
470,adored beast healthy gut   pre   probiotics   digestive support   holistic healthcare dogs   cats,5
471,catnip spray,9
472,kin   kind flea   tick protect spray ʕ  ᴥ  ʔ,1
473,pet   activated water sanitizer  p a w s ,0
474,rennet cheese making 凝乳酶   milk coagulant,2
475,nexgardspectradoublesmallbox,2
476,nika transmore fish medicine,2
477, authentic  germicidal treatment shampoo,2
478,dog collar tick flea anti insect mosquitoes waterproof long lasting months protection,7
479,chewable tablets dogs,8
480,pet cat dog wound spray ringworm fungus sanitizer antiseptic iodine solution ubat cat dog curing itching,7
481,ocean free turtle medication bacteria   fungus away terrapin  aquarium,2
482,tropiclean water additive  advanced whitening ,2
483,zymox oratene brushless pet oral care toothpaste gel,2
484,uphavit syrup free syringe multivitamin,2
485,augustine   superboost certified organic supplement,2
486,kin kind   healthy poop  pumpkin fiber  dog cat supplement,1
487,bioion pets pounce sanitizer   sakura    ,2
488,bio x  bug animal hygiene spray  safe for all mammals   birds ,9
489,natural pet pre   pro powder pets  x ,4
490,tropiclean fresh breath drops   dog,2
491,natural pet digest cleanse tablet small animal tablets,4
492,betta medi external parasites   betta medi internal parasites   comprehensive diseases infection,2
493,absolute plus ultimate colloidal silver spray   ,9
494,nutriplus gel   medicine for animal cat dog rabbit hamster nutri plus gel supplements,7
495,immunix antioxidants,2
496,natural pet   silvergiene solution,4
497,ear mite treatment,2
498,spray anti flea cat and dog xcellent ml,7
499,  tripleberry vitamin c,4
500,plus vitamins   ,2
501,dinos tick   flea off powder  cat dog ,7
502,apoquel mg mg mg   anti itching and allergy dog medicine per tablet,7
503,for furry friends flea   tick repellent spray,9
504,pura air   pet s odour removal smart device cats  dogs other pets,3
505,ampuh flu cat medicine for kitten and adults,7
506,lactobif pet probiotics dogs cats   sg instock  ,5
507,nutri plus gel nutritional supplement for dogs   cats,5
508,natural pet advance joint care supplement   synergistic formula   high purity glucosamine,0
509,natural pet skin   antifungal coat gel gr   mushroom medicine   ,4
510,dajana gammarus   ,2
511,petag pet supplement cats urinary tract hairball skin coat vitamin mineral calories,0
512,betta neo complete betta active solutions  bettaneo ,2
513,proden plaqueoff  dental bites,2
514,drontal dog tasty bone wormer tablets worm cacing ubat wormer intestinal worm tapeworm roundworm,7
515,adored beast   love bugs   pre   probiotics   ,2
516, pet   doses pack  frontline plus dogs ,2
517, ready stock  small animal medicine saver syringe,2
518,kin   kind healthy poops  pumpkin fiber  supplement ʕ  ᴥ  ʔ dogs   cats,1
519,superfood growth booster ubat kucing dog,2
520,ear mite treatment ear care ear cleaning pet dog cat,7
521,open farm wild caught   salmon,2
522,oxbow pure comfort  natural,4
523,miracat anti fungal treament  kurap  luka  earmite spray ,9
524,bird repeller solar powered ultrasonic pest repeller bird dog cat mouse chaser,7
525,lemongrass   mint off leash spray  made canada ,9
526,nhv pet supplement es clear immune support,0
527,japan wild sanko lacto vite   sanko protein energy vite new stock rabbit  guinea pig  hamster   small,2
528,black sheep organics peppermint toothpaste dogs  natural  organic vegan ,2
529,aee probiotics prebiotic dogs       min billions cfu gram,5
530,month lasting protection anti insect flea tick collar pet dog cat adjustable neck strap,7
531,bundle deal  rose hip vital canine powder supplement,2
532,kidney  renal  support cats  capsules  exp jan,2
533,cystaid cat urinary care  capsules ,7
534,midalac goat s milk powder for cat   kitten  dog   puppy,7
535,natural dog company wrinkle balm  stick    winkle face healing balm   natural pet grooming essentials,1
536,otic ear drops w   hc,2
537,  amorphous diatomaceous earth   natural pest control mealybug  ants  aphid  millipede  termites  thrips,2
538,uphavit sirap active   spring cat vitamins   pc,7
539,augustine approved   superboost certified organic supplement for dogs cats,5
540, authentic  germicidal barrier ointment   local stock  ,2
541,  canigest ml paste digestion antidiarrhea,2
542,kin   kind healthy hip   joint supplement ʕ  ᴥ  ʔ dogs   cats,1
543, bundle  topical skin healer,2
544,natural dog company skin soother  stick    skin healing balm   natural pet grooming essentials,1
545,  lactose free pet milk,0
546,hoki fish oil dogs   cats  zeal ,5
547,oridermyl earmite gel ear for dogs and cats,5
548,zti pet ear cleaner ear drop cleaning cat dog pet earmite ear mite terminator for cat   dog ubat telinga kucing  ,7
549,best seller lizant medicine lizant lizant lizant  gecko,2
550,frontline plus small dogs    doses,2
551,true colloidal silver,9
552,bettas chlorine tester,2
553,skin   coat   hip   joint supplement dogs    chewable tablets ,2
554,drh metabolism bird vitamins and vitamins   eddy overcoming your birds macets,2
555,flea   tick series repellent spray,9
556,nitra zorb size nitra zorb remove ammonia nitrite nitrate   ,2
557,sherwood prevention      new  replacing discontinued immune support,2
558,paw   nose balm dogs cats,5
559,super n   medicine of birds infection  digerent  diare  break  woven  milk  dull feather,2
560,green grass chew   dog pet food supplement for digestion  vomit  stomache  urine health   soft chew treats,0
561,feliway classic spray,9
562,feliway classic refill,2
563,egy flea clear ml spot on flea flea flea cat flea flea flea,2
564,dermotic   antibiotic ear and dog cat skin,7
565,new crystal dr  drh   edi boedi santoso  mp   bird supplements,2
566, for furry friends  floor   toy   fabric cleaner travel bundle,2
567,allergy itch ease  granules skin itch allergies,2
568,nhv pet supplement   turmeric arthritis   general well being,0
569,absolute plus organic raw virgin coconut oil pets  sizes ,2
570,paw soother healing balm dry  cracked raw paws sensitive touch ,1
571,   herbtana natural expellant parasitic diseases  white spot ick  flukes,4
572,vitakraft kracker hamster  flavours  multi vitamin grape honey ,4
573,himalaya   himpyrin liquid  pain relief   anti inflammatory  pet dog cat ,7
574,alder cones     approx cones per pack ,2
575,petag cat urinary tract solution gel,7
576,optimus pet  the revolutionary diet tablets   ,0
577,superfood vitamin cat pet vitamin dining cat feather   kurap   padlock   feather feather   booster eating booster,4
578,naturvet cranberry relief powder plus echiinacea for healthy urinary tract,2
579,ear mites anti fleas cat lice  flea ear flea  pest  cat dog pet drop  promo buy free ,7
580,ocean free bio filter wool  pack pcs    for fresh salt water   for fiilters   washable   more durable,2
581,kala health geriatrix   tablets,6
582,nexgard spectra   chews    shipping singapore  expiry,8
583,natural pet pre   pro powder flavour free,4
584,tree barks powder for dogs   cats  diarrhoea   intestinal disorders ,5
585,urine destroyer for dogs cats,5
586,pets truly colloidal silver electrolyzed water spray   refill,9
587,swache pet skin spray   fungus kurap spray  dog  cat  small animal ,9
588,kala health dermatrix plus pet supplements,6
589,    the revolutionary tablets all animals   ,2
590,biosilver multi purpose solution  veterinary formula ,2
591,turtle medication bacteria   fungus away   ,2
592, pawster  paytril oral suspension for pets  similar baytril    newly enhanced with orange flavor syrup,2
593,promo free shipping forcans nutrtions treats eye care,6
594,zymox  zymox enzymatic ear cleanser     pet ear cleanser enzymes based   easy administer  cleaning needed ,0
595,yu floral ear cleansing solution for dogs   cats,5
596,syringe manually feed small pets,2
597,sg petshop enisyl f l lysine supplement oral paste  pump ,2
598,synergylabs richard s organics flea   tick spray,9
599,betta max comprehensive vitality solutions  bettamax ,2
600,betta max comprehensive vitality solutions  bettamax ,2
601,oxbow natural science skin   coat ct,4
602,cat surgical gown cat sterility clothing,7
603,pets range  gel spray ,9
604,pa pure colloidal nano silver pets spray fungus bacteria cat dog rash kulat kurap luka spray kucing anjing 纯纳米银离子,9
605, repack  bys brewers yeast  according to cats and dogs   exp may  no label ,3
606,cutadorns pet dog cat collar cat collar japanese style pet collar flea and tick removing tool anti mosquito,7
607,betta vita for xgalak   active fish,2
608,adored beast liver tonic      organs detoxifier histamines regulating support   holistic healthcare dogs   cats,5
609,bettafix    betta medication   ,2
610,mooncity soil tester moisture meter  light ph acidity tester,2
611,tropical fruit nutri berries conures,2
612,superfood growth booster ubat kucing dog,2
613,marie s mix ins dog,7
614,ultimate eradicate flea  mites  lice   ticks control,2
615,probiotix improved  digestion  dog supplement  cat supplement  pet supplement  probiotic prebiotic,0
616,in denti care liquid,2
617, new packaging  lysine taurine supplement cats  x sachets ,2
618,stella   chewy   solution digestive boost,2
619, ready stock  synbiotic d c daily capsule for dog   cat   capsules,7
620,shampoos dogs  natural  organic vegan ,4
621,revolution plus  selamectin   sarolaner  cats,3
622,oticlean skin   ear cleansing solution nozzle   ,2
623,nhv pet supplement   plantaeris diarrhoea   ibd support,0
624,taurus toothbrush for small dogs,2
625,oxbow natural science multi vitamin,4
626,petswell ear mite terminator  ear pest  ear flea,2
627,boxes   preseed sperm friendly lubricant multi use tube applicators   expiry nov,2
628,    prowrap multifunctional bandage cats  dogs sports activities,3
629,    fast deliver     ubat cacing kucing   anjing   deworming tablet for cats   dogs  biji   tablet    pc,3
630,eiho general aid   ,2
631,sg petshop viralys l lysine supplement oral gel,2
632,natural pet natural vitamin c acerola tablets for small animal,4
633,activated carbon non toxic replacement cleaning drinking removable cat water fountain filter,7
634,for furry friends pet   activated water sanitizer spray  p a w s  sizes,9
635,vetacat multivitamin syrup cat   kitten      free syringe   jooaracat vetacat,7
636,dexoph animal   chicken ear drops,2
637, local ship wizz anti chlorine chloramine  ,2
638,taiwan agent feliway pheromone plug in set wall spray cat,9
639,kin kind superfood supplements dogs   cats  kinds ,1
640,sulfodene hot spot   itch relief medicated spray for dogs,9
641,nexgard spectra  ships singapore ,8
642,dr  pets nano silver spray fungas   wound infection healing spray,9
643,didin kpj water original products,2
644,    ready stock      inch cotton ear bud for     cats   dogs      cotton s size ,3
645,dorwest soothe   calm shampoo for dogs   cats  for sensitive skin ,5
646,pet n sun flea and tick spot on solution for cats and dogs,3
647,for furry friends flea   tick repellent spray dogs  sizes ,9
648,kin kind  organic healthy hip   joint supplement,1
649,colloidal silver   ,9
650,sherwood digestive support   ,2
651,kala health probiotix improved pet supplements  ,6
652,nutri plus gel,2
653,ready stock  fibreplex rabbit rabbit food rabbit supplement product rabbit 兔用纤维复合物保健品,2
654,small pet oxbow natural science vitamin c supplement,4
655,kelp seaweed powder for dogs   cats  coat growth   pigmentation ,5
656,beaphar malt paste anti hairball paste all cats  free shipping  cashback ,2
657,cardinal gold s medal pet clean ear eyes liquid powder dog cat pets home grooming reduce irritation flea itchy tick mite,7
658,drontal cat tablet deworming cats cat health care growth activity affordable,7
659,dermatology solutions,2
660,rose hip vital joint health canine supplemental powder    expiry ,6
661,wound ointment,2
662,naturvet digestive enzymes plus probiotics oz for dogs and cats,5
663,skin relief care,2
664,vitalmix,2
665,milk thistle for dogs   cats  for renal liver care ,5
666,larasati super products stomach pills ud laras ati grains,2
667,nutramax dog joint health supplement maximum strength plus msm chewable tablets exp mar,6
668,sherwood digestive support,2
669,profibre rabbits pro fibre pro fibre,2
670,furment postbiotics gel for pets   pawpy kisses,2
671,syringe manually feed small pets picagari  needle not included ,2
672,syringe manually feed small pets picagari  needle not included ,2
673,bark cotton buds dogs cats,5
674,multivet moulting aid parrot bird care,2
675,natural science urinary support   ,4
676,  off  pet naturals vermont calming for cats chews,8
677,uphavit syrup fever cat dog vitamins eating cat fat cat,7
678,omni   vit bird supplement,2
679,kin   kind healthy immunity supplement  berryboost  ʕ  ᴥ  ʔ dogs   cats,1
680,ultimate colloidal silver   ,9
681,adaptil plug in diffuser refill,2
682,scatt parrot bird,2
683,ocean free turtle eye clear medication aquarium,6
684,sg petshop   epi otic ear cleanser for dogs cats  epi otic iii ,5
685,aal lattice weekly medicine pill box outdoor travel medicine tablet container,2
686,stop urinary   cat medicine anti inflammation bladder infection an urine,7
687,cream duzen  business cream cat   dog  human wing cream,7
688,confident  made usa ,2
689,shiba fur booster,2
690,adored beast liver tonic,2
691,medpet medimune tablets  maintenance healthy immune system ,2
692,augustine approved superboost dogs cats  sizes ,5
693,bexley labs veterinary cat   dog ear infection treatment,7
694,supreme selective naturals garden sticks  peas   mint   ,2
695,kin kind clean dog ears cleanser  ,1
696,pimafix anti fungal fish treatment,2
697,dom   cleo colloidal silver for dogs   cats,5
698,natural science papaya support,4
699,colloidal silver dropper spray,9
700,accurate extra virgin coconut oil     rpxd,2
701,kin   kind raw berry boost,1
702,detick lice medicine    cat dog rabbit based based animals,7
703,super vitamin complex   ,4
704,calcivet parrot bird care,2
705,optimus pet   immunity   lower high triglycerides   reduce ldl   increase hdl   balance blood sugar levels   tablets,0
706, bundle   pay get  zeal treats dogs n cats  free range naturals venison puffs,5
707,pet block repellent spray   ,9
708,synoquin efa   small breed chewable tablets   expiry    tablets,8
709,cystaid plus cat urinary care  capsules ,7
710,super b  complex water soluble concentrate vitamin burung,4
711,cat keep off spray cat repellent outdoor indoor cat training spray anti scratch training spray pet spray,9
712,cat litter box liners  extra durable count jumbo drawstring litter pan bags pet cat supplies,7
713,pet ultrasonic flea remover collar tick repellent lice repeller for dogs cat usb cleaning tools pest control products for home,7
714,methylene blue treatment for common protozoan parasite and fungus,2
715,july promo    off  proden plaque off animal,2
716,kala health probiotix improved   plus   cats dogs,3
717,prodibio biodigest   fresh and saltwater treatment  ,2
718,synbiotic d c daily capsule for dog   cat   capsules,7
719,set channa health medicine  natural home  flare tonic ,6
720,set channa health medicine  natural home  flare tonic ,6
721,metabolism dr  edy for macet bird exterior,2
722,natural pet   skin   coat anti fungal gel,4
723,calcium   powder supplement   oz  g ,2
724,vetiq senior care tablet,2
725,wooly rabbit balance water   ,2
726,   new arrival    betta medication,2
727,kin kind  organic healthy skin   coat supplement,1
728,fera pet organics fish oil for small dogs   cats   ,5
729,nexgard spectra one tablet small dogs,8
730,bayer flea heartworm treatment dogs  below ,2
731,royal pet vitamin superfood booster utk kucing,4
732,aqua medic super chlorine remover anti chlorine antichlorine anti chlorin klorin,2
733,instant japanese yellow powder   for ornamental fish,2
734,no chew bitter taste spray,9
735,cat dog mites odor removal ear drops infection solution treatment cleaner,7
736,kin kind  organic healthy immunity supplement,1
737,clearance  pugga pet poo bags multi coloured rolls lavender scented earth friendly,0
738,geriatrix chewable tabs,2
739, korea  pet ear cleaner ear drops dogs cats tea tree leaf jojoba oil aloe vera head shaking discharge smell   itching relief from mites yeast   bacteria vet recommended all ages,5
740,nupro joint support all natural dog supplement,4
741,nhv natural pet supplements dog supplement cat supplement,0
742,geriatrix tabs   senior health   pet supplement   vitamins   mineral   amino acid,0
743,neogen valhoma dmso liquid   dmso arthritic pain relief   horses dogs humans free radical scavenger,2
744,keeper s mix for dogs   cats  herbs all round health ,5
745,natural pet digest cleanse tablets,4
746,minimal supli vitamin c small animals,4
747,vita mix aqua tap water conditioner   ,2
748,probiotix improved   ,2
749,kala health dermatrix dogs cats  sizes available  fast shipping,5
750,first bites right birth   for egg layers  oviparous  they utilize yolk sack nutrition right,2
751,petbest pet wipe  aloe vera    pack promo,0
752,mushroom ointment cream medicine pet care,0
753, shop malaysia  swache skin treatment   anti fungal cream  dog  cat  small animal  kurap free,7
754,drontal dog,7
755,dechra miconahex triz spray best fur regrowth antibacterial antifungal pyoderma hot spot spray dogs   cats trizedta,9
756,pets truly colloidal silver electrolyzed water,9
757, clearance  flea tick home   go spray,9
758,m   c denti care toothpaste,2
759,    ready stock     spray  cream  serbuk ps herbs for cats  kucing sporo   kudis   luka ,9
760,xseries play comp    for competition,2
761,aqua plus  amagan  anti  chlorine  fish care amagan anti  chlorine specialist,2
762,vermec breathing bird medicine  sound and sound removal,2
763,stop urinary ml   medicine for cats infections infections to prevention flutd,2
764,kala health probiotix for dogs   cats  free  cashback ,5
765,  pet dish foam,0
766,vetri lysine plus bite sizes chews  cat ,8
767,broth topper fl oz,2
768,sunrise natural organic cold pressed virgin coconut oil pets   ,2
769,himpyrin liquid for pets  kucing ubat deman ,2
770,superd wormer birds use,2
771,  natural deer velvet joint supplement,4
772,ocean free anti  chlorine special,2
773,pets dog cat anti flea drops insecticide flea lice insect killer liquid,7
774, cheapest price  anti fungus fungal cream cat dog cream kurap cat dog new,7
775,flexible cohesive pet bandage medical elastic bandage vet tape length,0
776,sulfodene brand ear cleaner antiseptic dogs   cats ,5
777,dermoscent essential medium dog problem,7
778,kin kind  organic healthy poops supplement,1
779,oxbow critical care fine grind  papaya flavour   ,2
780,pawco fish liver oil vitamin fish oil for dog cat bird cat dog,7
781,cattyman   doggyman japanese milk dogs   cats   ,5
782,dr  mercola joint support cats   dogs   ,3
783,petag high calorie gel cat supplement,7
784,cardiac support dogs   cats  capsules ,5
785,cat and dog platinum ml anti fungus spray,7
786,super kung vitamin probiotics perkutut,4
787, ready stock laras ati  ubat burung   ,2
788,vitamin bird stomach king kutut manggung,4
789, shop malaysia  c e t   veggiedent tartar control chews  chews dogs ,8
790,natural pet pre   pro powder x sachets,4
791,tooth gel,2
792,anti itching powder anti dandruff lice irritation hamster   hamster fur powder,2
793,seaweed calcium plus vitamin c   d pet supplement tablets,0
794,ubat anai anai  山甲牌杀白蚁粉  killing termite powder,2
795,charlie   frank pet hip   joint for cats   dogs  pet vitamins,3
796, g  claws   effect cat   dog supplements   slippery elm bark powder,7
797, 本地现货   nourse卫仕猫多维片猫咪维生素b猫癣幼猫复合微量元素营养膏增强免疫力wei shi cat multi dimensional tabletscatvitamin catringwormyoung,7
798,  ubat kutu kucing flea out clear spot on flea tick treatment medicine,2
799,bio x aerosol spray,9
800,nt labs pro f shrimp enhancer  ,2
801,cineraria maritima eye drops,6
802,   special special promotion    s      ready sg stock bark biscuit dog,2
803,pet first aid medical self adhesive elastic bandage colourful    sg local seller ready stock ,2
804, 好物推荐 春凯蓝牙智能测体脂秤健康人体秤精准家用称电子秤体重秤成人减肥,2
805, promo  flash dried black soldier fly larvae powder   phoenix worms grubs powder   ,2
806,qinjue protection pet collar grooming tool pest control neck strap flea killer hot adjustable dog cat kitten remedy anti flea mite acari tick,7
807,  off  pet naturals vermont hairball supplement cat treat chews,0
808,natural calcium pure cuttlebone fish ec bone powder,2
809,synoquin efa   small breed capsules   expiry    capsules,2
810,accurate ear drops and cleanser   ,2
811,bio groom    ear mite treatment,2
812,kmr milk powder,2
813,kin   kind healthy skin   coat  vitaboost  supplement dogs   cats ʕ  ᴥ  ʔ,1
814,ilium ear drop dog   cat,7
815,fluval bug bites color enhancing granules  m l    g,2
816,mouth drops cats dogs,3
817,lovebird egg breeding vitamins,2
818,of white spot special   hyqw,2
819,adored beast phyto synergy,2
820,arthrix plus tabs   hip   joint   pet supplement   msm   glucosamine   vitamin c   dog   cat,0
821,fera pet organics probiotics probiotics cats   dogs  usda certified organic ,3
822,kala health vitalmix full spectrum nutrition supplement dogs   cats,5
823,paw   nose balm,1
824,natural pet digest cleanse tablet cat   dog tablets,7
825,dog moisturizer   made korea  peto cera c ,7
826,zoo med repti turtle eye drops  ,6
827,  ready stock   ubat kutu kucing flea out clear spot on flea tick treatment medicine pet anti flea tick,2
828,trm canigest paste dogs   cats gut health  probiotics   anti diarrhea ,5
829,naturvet cranberry relief powder  cats   dogs ,3
830,dermoscent essential spot on dogs   small mammals pipettes  skin coat care      skin dryness,2
831,multi vitamin paste professional   malt soft extra   kitten paste kucing cat supplement,4
832,feliway classic diffuser refill cats,2
833,ilium ear drops for dogs ans cats exp oct,3
834,california gold nutrition  lactobif pet probiotics  billion cfu  veggie capsules,2
835,pet tear gland savior elijah blue bay eye vita drops,6
836, sg seller  in stk high quality medical  long swab  xs large  clean dogs cats rabbits pets  ears,5
837,vitakraft   vita fit multivitamin,2
838,  body healing balm,1
839,nutrition treats  skin   coat  hip   joint  eye care ,6
840,wab calcium dogs cats    eggshell powder    adult growth calcium,5
841, shop malaysia  cat black chin hair special cat disposable foam dry cleaning pet shower gel blonde,7
842,synoquin efa   large breed chewable tablets   expiry    tablets,8
843,caho nucleotide dogs cats   ,5
844,pet odor eliminator   semerbak fragrance mint,0
845,feather fur skin enhancer  dog  cat  rabbit  guinea pig  bird  pet ,7
846,cardiac support,2
847, local  bacter em bacteria fresh  marine aquarium,2
848,bioline keep off spray for cats   local seller,9
849,lizard trapper  pre baited easy use   non toxic   tested   proven the pest control specialist sg,2
850,oral care gel peppermint flavour   ,2
851,pro c probiotic   ,2
852,kidney support  cat   dogs,7
853,vitalmix,2
854,wormout gel parrot bird care,2
855,swache pet skin disease   antifungal tablet  dog   cat     tablet   box ,7
856,  off  pet naturals vermont calming for dogs chews,8
857, nv scc gds       glucosamine ds plus level soft chew   ,2
858,nika float aid  fish medicine ,2
859,     japan zeria hang over gastrointestinal stomach recover supplement hepalyse s,0
860,scatt air sac mites treatment birds,2
861,arthrix pet joint supplement,0
862,  stainless steel drinking fountain   dual action filter   murah ,2
863,sg petshop organic raw virgin coconut oil,2
864,cny sale  royal pet vitamin cat cat supplement feather denk fating fating biovet superfood food canin,0
865,veterinary formula antiseptic treatment shampoo antiseptic parasites imports,2
866,multi vitamin powder supplement   oz  g ,4
867,royalpet vitamin cat royalpet elite vitamin cat,4
868,dog collar tick flea anti insect mosquitoes waterproof long lasting months protection,7
869,readystock  pet supplement nutritional gel hamster  rabbit  hedgehog  chinchilla  sugar glider,0
870,natural   feline natural milk dogs   cats,5
871,reusable fruit mesh bags for seeds soaking germination garden grow vegetables multifunction nylon,2
872,of turtle medication   eye clear   hyqw,6
873, shop malaysia  extra fit power vitamin burung   bird vitamin  ,4
874,ocean free betta supplements,2
875,furment pet skin spray   pawpy kisses,9
876,taurus dental wipes   ,2
877,poultry multi vitamin ounce,4
878,ocean free turtle eye clear  ,6
879,furvit   premium nutri lick   free gifts,2
880,salmon oil fish oil supplement vitamins cat dogs,2
881, bundle   pay get  zeal treat dogs n cats   lamb puffs,5
882,parrot inkfish calcium supplement  sizes ,2
883,fat vitamin cat enhancer dog appetite fattening medicine for fitamine child paint kitten pregnant and adult breastfeeding babacathouse supplements cheap body supplements,7
884,pet   glucosamine   chondroitin msm   hla senior  veterinarian formulated ,0
885,oxbow natural science multi vitamin  ,4
886,nhv pet supplement   mellit diabetes mellitus   pancreatitis support,0
887,depeto good skin   skincare supplement dog   cats    ,7
888,syringe,2
889,betta growth aog betta,2
890,shake  organic ear mouth eye cleanser for cats   dogs fl oz   ,3
891,vitamins dolphins,2
892,orca lab  res q med,2
893, ready stock  biosilver multi purpose solution  sugar glider nano water     現貨 蜜袋鼯洗澡消毒水,2
894,dermatrix,2
895,oxbow natural science digestive support  ,4
896,of arowana anti cloudy eye capsules   hyqw,6
897,probiotics for dogs   cats calibrated syringe  diarrhea  upset tummies   gut protection ,5
898,just cats scratching deterrent spray,9
899,cat vitamins long thick fur prevent fungus fur loss and health skin cat worm medicine,7
900,cat vitamins long thick fur prevent fungus fur loss and health skin cat worm medicine,7
901,nexgard chewable tablets small dogs   tablets     expiry ,8
902,stella   chewy s dinner morsels   chick  chick  chicken cat,7
903,jane protection neck strap grooming tool anti flea mite acari tick pet collar flea killer hot adjustable dog cat kitten remedy pest control,7
904,horse whisperer  made usa ,2
905,sherwood joint support      herbal supplement,0
906,of anti chlorine special   hyqw,2
907,tortoise shell polish,2
908,synergylabs richard s organics incredible skin spray,9
909,dorwest garlic   fenugreek for dogs   cats  strengthen immune system   itchy skin relief ,5
910,zeal natural dogs   cats,5
911,skin   coat gel cat supplement,2
912,    feeding single dish   ml,2
913, bundle of  pets silver spray  ppm   ,9
914,bioline keep off spray for cats for outdoor and indoor use,9
915,nexgard spectra box of,8
916,clinical care antiseptic   antifungal spray,9
917,lgsz_double sided nit comb dust remover fine tooth head lice hair combs pet flea,0
918,myo fit   problem solution on bird feet ,2
919,frontline plus spot on flea   ticks prevention   applicator for dogs,2
920,fera pet organics organic probiotics prebiotics dogs   cats,5
921,kin kind raw coconut oil dog cat supplement  sizes ,1
922,duo canned food dogs   cats x  vegetarian   vegan   wheat  soy   amp  gluten free ,5
923,avipro avian prebiotic   probiotic bird supplement,2
924,nhv pet supplement   yucca pain  appetite   digestive support,0
925,   omega   probiotic sprinkles supplement cats,0
926,fera pet organics   usda organic probiotics prebiotics for dogs cats   ,5
927,nhv pet supplement   pet omega,0
928,bioion pets pounce sanitizer   original      ,2
929,revolution spot on fleas ticks treatment dogs all size,2
930,vetark pro c probiotic,2
931,supermoult birds bankcarry,2
932,pcs rabbit cage liners disposable large plastic mat films bunny guinea pigs chinchillas rats hamsters hedgehogs,2
933,himalaya   nefrotec vet tablets  urinary  kidney    joint   tablets for cats dogs,3
934,pet remedy mini pet calming spray,0
935,blue bay   eye vita drops     pet eye tear stain reduction supplement,6
936,borammy pet dog supplement cat vitamin multivitamin probiotics beauty hair bulu bone calcium vitamin kucing,0
937,cat dog skin biotic medicine  virbac rilexine  mg,7
938,exo terra reptile calcium with vitamin supplement amphibians metabolism feeding powder coated with insects,4
939,pet product   gorgeous coat muscles supplement,0
940,twinkling star skin fur care supplement powder for cat   dog,7
941,probiotix plus  digestion  dog supplement  cat supplement  pet supplement  probiotic prebiotic,0
942, sg seller  diarrhea fix pets solution cat dog kitten puppy,7
943,nordic naturals cats and dogs    soft gels   small breeds large breeds   supplement,3
944,crystal vitamins of magpie bird supplements kacer c green daily and lomba,2
945,bioline tearstain remover for pets   eye care   eye drop eye tearstain remover for cat dog rabbit,6
946,fera pet organics probiotics   prebiotics for cats   dogs  servings ,3
947,    vitapet puppy plus breath aid soft chews   ,8
948,synoquin efa   medium breed chewable tablets   expiry    tablets,8
949,ubat gegat double happiness naphthalene balls ubat gegat,2
950,complete nutrition high protein body fat cat fattener pet care,7
951,turtle fix   ,2
952,simparica trio dogs tablets  size available ,8
953,  wild alaskan salmon oil dogs   cats  skin   coat  all ages  fl oz  ml ,5
954,himalaya   digyton drops   digestive stimulant bowel regulator cats dogs,3
955,valerian compound for dogs   cats  for stress   anxiety ,5
956,augustine approved superboost supplement dogs,5
957,fitpet  vetter probiotics supplemental chews for dogs cats   ,5
958,special medicine pet skin diseases dog spray spray external use fungal mites treatment dermatitis itching dog,9
959,sangee water bird supplement,2
960,korea made forcans nutrition treats snack   supplement eye care dogs,6
961,oxyfresh pet gel     powerful healing on wounds   pet toothpaste for dogs   cats   fresh breath   healthy teeth,5
962,vitamins birds super b complex de wormer tonic,2
963,baka fish oil seaweed fish oil fish oil vitamin fish oil cat dog hamster small animals 俄罗斯baka宠物鱼油,2
964,marie   magical dinner dust dogs,3
965,ultraderm capsules cats   dogs   improve skin   coat conditions,3
966,zeal hoki fish oil cats   dogs,3
967, natural soil less cat grass planting kit soil less fast growing organic wheatgrass seed health care hairball pet cat,7
968, for furry friends  dog cat pet ear cleaner,7
969,yee turtle medicine  healthy pet  herbal treatment for rotten skin  eye diseases  deodorize,6
970, nv scc aio      naturvet all in one  support  soft chews   ,8
971,body big cat powder   bodybig cat fattening medicine,7
972,of ocean free turtle medication   eye clear turtle medication   bacteria   fungus away pet tortoises prone,6
973,amphibians   reptile mist humidifier hose adjustable terrarium reptile fogger humidifier accessories  us plug,2
974,vetplus cystaid plus box  capsules  urinary care freebies,2
975,revolution puppies kittens  doses ,2
976,menthol cone abc inheler and rubbing medicine contents,2
977,bayer advocate   spot solution   for large cats  pipettes x  exp,2
978,zesty paw multifunctional supplements dogs   soft chews,8
979,furment complete postbiotics powder for pets   pawpy kisses,2
980,vitamix de  wormer tonic thailand for bird  ubat cacing burung ,2
981,dermoscent pyo spot on for dog  kg    ml x pipettes   skin infection,2
982, sg seller  oxbow natural science vitamin c small animals  count  ready stock ,4
983,troy nutripet supplement cat dog mineral vitamin energy boost   pet care   dog cat vitamin   nutrient   supplement,7
984,   nurture pro nano colloidal silver ,9
985,labivet skin   gut probiotics,2
986,kala health probiotix improved   probiotics dogs cats,5
987,pets spray ubat kurap gatal fungus luka for worm sporo itchy   cat dog pet kucing anjing,7
988,sherwood digestive support tablets   authorized retailer singapore  ,2
989,kin kind   healthy immunity supplement dogs   cats,1
990,histaklor tablet   anti itching medicine for skin allergy,2
991,nearth copepod  ,2
992,scullcap   valerian tablets for dogs   cats  for stress   anxiety ,5
993,natural pet small animal natural vitamin c acerola tablet tablets,4
994,l lysine chews cats  bite sized chews  g   cat supplements,8
995,drontal plus worm medicine for dogs and cats   cat dog deworm   seeds for cat tails,7
996,metabolism special medicine macet and saving birds dr drh edi boedi santosa mp,2
997,arthrix tabs   hip   joint   pet supplement   msm   glucosamine   vitamin c   dog   cat,0
998,adored beast healthy gut       digestive enzyme pre   probiotic,2
999,catit senses catnip spray   ml   ,9
1000,kin  kind   healthy hip   joint supplement dogs   cats,1
1001,fera pet organics hip   joint supplement dogs soft chews,0
1002,petfran epsom salt   ,2
1003,wab shark cartilage powder,2
1004, nv scc cran      naturvet cranberry relief plus echinacea soft chews   ,8
1005,voer black premium packaging gram,2
1006,feliway classic spray for pet cats,9
1007,nexgard spectra large dogs exp,8
1008,blue seaweed  blueberry seaweed powder  for pets ,2
1009,calcivet,2
1010,process sea leaves ready to use not greasy premium quality,2
1011, sg shop   natural pet ear drops   eye drops suitable cats dog hamster beloved pets,6
1012,scadix spray   cat medicine anti skin infection itching scabies scabies itching,9
1013,baytril flavour antibiotic tablet cat and dog mg  tablets ,7
1014,natural pet papaya enzyme tablet,4
1015,sunrise cube shaped blueberry dogs   ,3
1016,safe   complete concentrated dry conditioner fresh salt water   safe,2
1017,dogs cats skin disease  cat ringworm  cat moss  topical medicine  cat dermatitis itching  anti itching ,7
1018,marukan soft bread stick dogs  plain milk    pcs,2
1019,bladder support dogs   cats,5
1020, nv scc vps      vitapet senior plus glucosamine soft chews   ,8
1021,dermoscent pyo spot  purifying spot on skin infection dogs kg pipettes,2
1022,vetafarm crittacare avian parrot bird food diet,2
1023,tesma bird eye drops,6
1024,antibiotic bird amoxi,2
1025,petosan twin head toothbrush  manual   small ,2
1026,plaqueoff suitable for dogs cats tooth cleansing powder,5
1027,kong catnip oz,2
1028, hurum  daily vitamin c d x sticks   vitamin powder   heath supplement,4
1029,fera pet organics fish oil dogs   cats    ,5
1030,zeria hepalyse gx tablets stomach liver recovery supplement,0
1031,sanjin watermelon frost insufflations   throat spray medicines  throat  etc     xi gua shuang,9
1032,opti   breed versele laga multivitamin breeding opti breeding,2
1033,oxbow natural science date new oxbox nutrition support tablets for guinea pig  rabbit  chinchilla    ,4
1034,  cat dog urine stone coral medicine stone urine stone cat urinary uti cat uti cat urinary tract,7
1035,dechra malacetic otic cleanser ear cleaner,2
1036,fish oil for animal health supplements and birds,2
1037,accurate extra virgin coconut oil,2
1038,ubat ulcer   bengkak   bisul   kencing berdarah kucing   anjing,2
1039,oxbow critical care   herbivore recovery food   natural anise flavor small animal feed,4
1040,cliny  cat  hairball remedy paste chicken,7
1041,stop drop   antibiotic cat kitten antibacterial medicine antibacterial virus germ parasite,7
1042,frontline plus flea   tick treatment cats    applicator ,2
1043,testo vit   estro vit hormon male   female bird,2
1044,pet medicine feeder pill popper cat dog feeding,7
1045,cat ringworms fungus tester 伍德氏灯 uv light pet skin disease detection fluorescent detection 猫癣检测  usb charging simp,7
1046, sg  furment postbiotics plus gel kaolin,2
1047,natural milk for dogs  ,4
1048,vetplus synoquin efa joint care supplement tablets for dogs large  kg      ,2
1049,cat hair growth vitamins kitty cat medicines cat hair growth anti loss hair loss life cat house max coins solutions olive care dewarangga babah cat house max coinami,7
1050,natural pet digest cleanse tablet dogs   cats tablets,5
1051,body big cat fattener   kitten cat fattening vitamins with fast appetite enhancer,7
1052,imboost strip tablet,2
1053, sg  furment postbiotics gel digestive immunity health,6
1054,kin kind supplement  options   healthy poop   immunity   skin   coat   hip  joint   calm   kin kind,1
1055,extra fit power new formula bird vitamins,2
1056,all in one  support  soft chews,8
1057,api liquid super ick cure   ,2
1058,pets truly colloidal silver electrolyzed water   mist spray for pets dog cat puppy wound,9
1059,eucalyptus leaf for sugar glider,2
1060,kitten pet insecticide cats dog flea clear lice killer spray tick treatment,9
1061,medicine vitamin bird magic infection snot breathing  snore  snoring  flu,2
1062,dophin internal filter cartridge         ,2
1063,show me plus remove lacrimal gland liquid pet oral health care,6
1064,bayer advocate spot solution medium dogs  pipettes x    expiry ,2
1065,herbal spray pets  dogs with skin conditions,9
1066,pet heritage tropical skin healer,0
1067,bioion pets pounce sanitizer pets  flavours ,2
1068, lapog  pet skin   sole care moisturizer   all purpose dog cat relief healthcare supplies,7
1069,sherwood prevention tablets tablets   authorized retailer singapore  ,2
1070,bio d orbit insect control spray   natural   lavender   ,9
1071,pro booster improve power and fighter your bird constan,2
1072,frontline flea   tick plus for medium dog,2
1073,nexgard spectra small tablets dogs,8
